secteur,taille,total_entreprises,score_cloud,score_ia,score_data,pct_erp_utilisation,digital_maturity_score
S_M,po4,353,26.18,14.73,20.99,96.88,61.9
S_J_G95.1,po4,355,24.0,13.75,23.83,95.21,61.58
S_TIC,po4,355,23.49,13.75,24.08,96.34,61.32
S_J_G95.1,po3,1360,25.54,14.79,19.3,90.15,59.64
S_TIC,po3,1401,25.44,13.99,19.27,94.86,58.7
S_G_D45-46,po4,555,22.86,8.94,24.92,98.38,56.72
S_C,po4,1364,21.38,10.23,22.39,96.92,54.0
S_TIC,po2,2384,21.8,11.78,17.78,83.98,51.35
S_TIC,Ens,7501,21.25,11.97,16.2,83.68,49.42
Ens,po4,4929,20.17,8.37,20.79,89.77,49.34
S_DE,po4,72,22.5,0.0,26.67,70.83,49.17
S_J_G95.1,po2,2543,20.9,11.45,16.33,72.91,48.68
S_J_G95.1,Ens,7816,20.44,11.65,15.54,74.83,47.63
S_L,po4,110,21.55,0.0,24.27,93.64,45.82
S_H,po4,470,18.26,6.47,18.45,80.43,43.17
S_TIC,po1,3361,18.89,11.08,12.98,77.48,42.95
S_I,po4,239,19.46,3.01,19.46,83.68,41.92
S_L,po3,471,17.77,2.46,21.34,100.0,41.57
S_M,po3,2094,17.28,8.56,15.07,78.37,40.91
S_J_G95.1,po1,3558,17.79,10.37,12.72,68.3,40.87
S_F,po4,258,17.67,4.96,17.44,91.86,40.08
S_G_D45-46,po3,2372,15.73,3.81,19.46,94.27,39.01
S_N,po4,618,15.92,5.44,17.14,82.69,38.5
S_G_D47,po4,536,15.28,3.66,17.35,74.07,36.29
S_DE,po3,265,12.34,2.26,20.04,81.13,34.64
S_C,po3,4631,12.99,3.68,16.82,89.53,33.49
S_M,po2,5668,14.13,5.36,11.49,67.48,30.97
Ens,po3,22321,12.37,4.06,14.0,76.11,30.43
S_M,Ens,17860,13.56,5.5,9.71,59.12,28.77
S_L,Ens,2796,13.59,2.8,10.57,69.49,26.97
S_G_D45-46,po2,5648,9.25,2.0,15.46,78.77,26.71
S_I,po3,1650,9.31,1.5,14.24,60.3,25.05
S_G_D45-46,Ens,18572,9.4,2.11,12.63,74.29,24.15
S_DE,Ens,1280,9.14,2.0,12.56,52.34,23.7
S_M,po1,9746,11.97,4.59,7.11,48.73,23.67
S_L,po1,1499,12.89,3.6,6.42,64.91,22.92
S_N,po3,3265,9.03,3.7,8.8,72.01,21.53
S_H,po3,1721,7.81,1.58,12.1,61.36,21.49
Ens,po2,50237,8.48,2.26,10.43,58.46,21.18
S_L,po2,716,11.1,0.0,10.06,55.31,21.16
S_N,po2,5551,9.31,2.29,8.98,60.12,20.58
S_F,po3,2113,9.8,1.74,8.85,63.61,20.38
Ens,Ens,172345,8.03,2.35,8.61,53.76,18.99
S_C,Ens,26571,7.2,1.95,9.8,62.92,18.95
S_I,po2,4676,7.53,0.88,10.54,49.68,18.95
S_G_D47,po3,2379,7.23,1.63,9.85,54.98,18.71
S_N,Ens,15966,8.08,2.24,8.0,58.24,18.32
S_DE,po2,458,7.14,0.0,10.68,39.96,17.82
S_C,po2,7863,5.65,1.32,10.73,69.36,17.7
S_G_D45-46,po1,9997,7.24,1.39,8.73,65.69,17.36
S_DE,po1,486,7.28,0.49,8.21,45.47,15.99
S_F,po2,8171,7.05,0.84,7.54,41.93,15.43
S_G_D47,Ens,19884,4.79,1.18,8.27,46.87,14.24
S_H,po2,3591,6.21,0.84,6.62,44.81,13.66
Ens,po1,94858,6.13,1.69,5.74,44.15,13.56
S_G_D47,po2,5354,3.43,0.85,9.2,46.94,13.48
S_H,Ens,10811,5.63,0.94,6.34,41.92,12.92
S_N,po1,6533,5.82,1.16,5.9,47.45,12.88
S_G_D47,po1,11615,4.44,1.12,7.1,43.93,12.65
S_I,Ens,21559,4.89,0.99,6.31,36.19,12.19
S_F,Ens,29229,6.0,0.83,5.19,41.64,12.02
S_C,po1,12713,4.54,0.81,5.31,45.59,10.67
S_F,po1,18687,4.94,0.67,3.58,38.34,9.19
S_I,po1,14995,3.35,0.93,3.91,28.57,8.19
S_H,po1,5029,3.3,0.29,3.04,29.63,6.63
