Taille_IR;ACT_IR;NB_ENT;CLOUD;COURRIEL;LOGICIELS;COMPTA;CLOUD_ERP;REL_CLIENT;CLOUD_SECU;BASES;STOCKAGE;CALCUL;CLOUD_PAAS;CLOUD_BASIC;CLOUD_INTERM;CLOUD_AVANCE
Ens;Ens;172345;46118;39626;31424;24789;15145;12791;26617;19487;34664;14309;11811;6307;6991;32559
po1;Ens;94858;19389;15899;12474;10023;5554;4444;10180;7575;14711;5529;3764;2932;3507;12832
po2;Ens;50237;14208;12463;9718;7895;4826;3505;7833;6315;10673;4409;3613;2192;2070;9854
po3;Ens;22321;9206;8258;6555;5022;3362;3235;6135;3875;6679;2966;2815;955;1178;7047
po4;Ens;4929;3314;3005;2677;1849;1402;1607;2470;1722;2602;1405;1619;228;235;2826
Ens;S_C;26571;6380;5157;3937;3353;2295;1569;3634;2254;4426;1548;1417;788;1199;4307
po1;S_C;12713;1923;1316;1040;1102;691;376;870;572;1325;441;245;146;603;1144
po2;S_C;7863;1481;1265;902;768;468;179;768;616;1143;297;275;318;175;949
po3;S_C;4631;2005;1712;1202;951;750;534;1236;543;1169;416;431;266;360;1370
po4;S_C;1364;972;864;793;532;386;481;759;524;789;394;466;59;61;844
Ens;S_DE;1280;390;359;278;196;128;104;256;184;298;114;124;49;27;312
po1;S_DE;486;118;111;97;64;17;10;68;47;89;19;13;18;12;88
po2;S_DE;458;109;103;67;56;59;32;70;46;86;52;23;26;3;80
po3;S_DE;265;109;98;85;63;42;45;89;62;95;26;46;s;s;s
po4;S_DE;72;54;48;28;12;10;18;29;29;28;16;41;s;s;s
Ens;S_F;29229;5842;4787;3020;3137;1227;570;3271;1757;4156;1598;500;1024;1113;3666
po1;S_F;18687;3079;2557;1573;1522;520;309;1711;912;2276;984;216;512;638;1928
po2;S_F;8171;1921;1499;949;1113;367;97;994;460;1269;378;117;441;360;1080
po3;S_F;2113;690;596;375;407;268;109;468;299;486;171;107;61;97;532
po4;S_F;258;152;135;124;95;72;55;99;86;126;65;60;9;17;126
Ens;S_G_D45-46;18572;5822;4996;4065;3290;2408;1857;3877;2596;4324;1872;1635;567;686;4566
po1;S_G_D45-46;9997;2413;1919;1531;1405;976;502;1545;989;1778;623;471;266;327;1820
po2;S_G_D45-46;5648;1741;1542;1359;960;766;498;1117;820;1241;572;552;204;165;1372
po3;S_G_D45-46;2372;1244;1150;862;716;517;616;910;593;967;462;406;69;153;1020
po4;S_G_D45-46;555;423;386;313;209;150;240;305;194;337;215;207;29;41;352
Ens;S_G_D47;19884;3176;2441;1770;1403;981;1109;1496;1337;1959;802;447;690;436;2042
po1;S_G_D47;11615;1719;1240;817;641;544;662;835;766;1126;380;200;380;223;1115
po2;S_G_D47;5354;612;464;341;315;168;188;168;276;341;138;76;140;112;359
po3;S_G_D47;2379;573;478;387;314;166;162;299;174;298;202;92;136;81;355
po4;S_G_D47;536;273;258;225;133;102;98;194;121;194;82;79;34;21;213
Ens;S_H;10811;2030;1763;1322;1293;690;327;1320;736;1355;518;310;234;287;1504
po1;S_H;5029;553;466;271;369;226;33;351;120;273;104;78;80;122;351
po2;S_H;3591;743;627;516;539;259;94;435;279;558;235;102;55;96;591
po3;S_H;1721;448;421;316;246;130;75;317;222;318;88;33;76;42;330
po4;S_H;470;286;248;218;139;74;126;217;115;206;91;98;23;26;232
Ens;S_I;21559;3515;2969;2242;1696;970;602;1242;1002;2632;1045;492;969;766;1772
po1;S_I;14995;1674;1388;1094;604;308;156;483;425;1324;283;118;644;268;763
po2;S_I;4676;1174;980;723;713;461;293;375;344;849;511;234;227;395;544
po3;S_I;1650;512;447;318;278;122;107;302;160;359;213;93;76;80;356
po4;S_I;239;155;155;106;102;80;46;82;73;100;38;47;21;23;110
Ens;S_J_G95.1;7816;5325;5000;4707;3009;1979;2944;3595;3545;4694;3044;3561;287;410;4589
po1;S_J_G95.1;3558;2110;1934;1844;1162;702;1047;1323;1405;1891;1228;1469;64;192;1822
po2;S_J_G95.1;2543;1772;1687;1537;1004;553;911;1118;1231;1502;983;1079;169;150;1447
po3;S_J_G95.1;1360;1158;1107;1050;638;534;771;899;719;1038;633;784;s;s;s
po4;S_J_G95.1;355;284;272;276;205;190;214;255;189;263;199;228;s;s;s
Ens;S_L;2796;1267;1075;864;602;415;260;745;516;991;332;209;223;183;841
po1;S_L;1499;644;506;425;324;183;132;346;272;538;192;78;94;115;415
po2;S_L;716;265;265;213;138;111;58;190;163;239;60;28;75;0;190
po3;S_L;471;279;243;164;116;99;41;164;52;157;60;81;s;s;s
po4;S_L;110;79;61;62;24;23;29;45;28;58;20;23;s;s;s
Ens;S_M;17860;8072;7370;6223;4838;2713;2243;4898;3610;6630;2527;2324;953;1110;5959
po1;S_M;9746;3889;3447;3115;2248;1123;968;2109;1659;3197;1054;828;469;679;2705
po2;S_M;5668;2669;2494;1797;1543;919;682;1656;1148;2112;849;737;401;349;1919
po3;S_M;2094;1206;1144;1041;835;505;419;885;601;1064;451;540;76;73;1043
po4;S_M;353;308;286;270;212;165;174;247;201;257;174;220;6;9;292
Ens;S_N;15966;4299;3707;2996;1972;1339;1206;2284;1951;3197;909;792;523;774;3001
po1;S_N;6533;1267;1014;666;582;263;250;538;407;894;221;49;260;327;680
po2;S_N;5551;1722;1538;1315;745;696;473;941;932;1332;333;390;135;265;1321
po3;S_N;3265;983;863;753;461;230;356;567;450;728;243;203;96;166;721
po4;S_N;618;328;293;262;185;150;126;238;161;243;112;151;32;15;279
Ens;S_TIC;7501;5314;4965;4655;3003;2082;3068;3644;3602;4643;2991;3644;256;345;4675
po1;S_TIC;3361;2116;1931;1823;1117;749;1071;1350;1438;1844;1178;1515;77;128;1878
po2;S_TIC;2384;1732;1638;1494;1017;567;945;1110;1217;1489;987;1101;126;146;1454
po3;S_TIC;1401;1188;1132;1079;681;595;843;935;762;1052;638;816;47;65;1076
po4;S_TIC;355;278;264;259;188;171;209;250;184;258;188;212;5;6;267
