Taille_IR;ACT_IR;NB_ENT;IA_TECH;IA_TECH_TEXMIN;IA_TECH_PAROLE;IA_TECH_GAT;IA_TECH_IMAGES;IA_TECH_AAAD;IA_TECH_DECIS;IA_TECH_MVT;IA_US;IA_US_MARKETING;IA_US_PRODUCT;IA_US_ADMIN;IA_US_LOGISTIQ;IA_US_SECU;IA_US_COMPTA;IA_US_RECHERCHE
Ens;Ens;172345;10142;4007;2204;1880;2508;4569;3438;887;7154;1765;2022;1116;351;2216;3096;2375
po1;Ens;94858;4004;1685;768;738;918;1396;1201;189;2509;516;711;304;60;598;1118;699
po2;Ens;50237;2839;1085;803;524;710;1348;969;247;2001;553;571;381;63;383;913;741
po3;Ens;22321;2267;833;364;377;594;1248;778;263;1771;448;444;273;100;669;804;628
po4;Ens;4929;1032;404;270;241;286;577;489;189;873;248;296;158;128;566;261;308
Ens;S_C;26571;1293;345;188;214;353;349;433;409;897;160;485;125;75;356;304;246
po1;S_C;12713;259;58;8;37;100;s;25;67;83;11;63;0;0;25;26;s
po2;S_C;7863;259;76;67;67;30;s;80;80;161;47;100;0;0;31;24;s
po3;S_C;4631;426;103;42;54;112;145;163;159;359;46;181;83;24;115;176;121
po4;S_C;1364;349;108;71;57;110;171;165;103;295;56;141;42;51;185;78;105
Ens;S_DE;1280;64;12;15;17;20;33;18;11;55;8;11;7;4;21;34;21
po1;S_DE;486;6;3;0;0;0;s;s;0;0;0;0;0;0;0;0;0
po2;S_DE;458;s;0;s;s;s;s;s;s;s;0;0;0;s;s;22;0
po3;S_DE;265;15;5;s;s;s;3;s;0;s;5;s;s;0;s;4;s
po4;S_DE;72;s;4;7;s;s;15;s;s;16;4;s;s;s;11;8;s
Ens;S_F;29229;609;170;164;110;313;154;177;12;413;41;33;115;3;188;279;80
po1;S_F;18687;315;39;78;s;198;0;39;0;191;s;0;0;0;49;142;0
po2;S_F;8171;171;68;68;68;102;102;69;0;102;0;0;102;0;68;68;68
po3;S_F;2113;92;46;s;0;0;31;46;0;92;0;15;0;0;46;61;0
po4;S_F;258;32;17;s;s;13;21;24;12;29;s;18;12;3;26;8;12
Ens;S_G_D45-46;18572;981;440;232;227;228;258;334;62;682;230;115;66;60;173;288;140
po1;S_G_D45-46;9997;348;249;34;79;77;22;74;0;219;38;33;37;0;37;111;0
po2;S_G_D45-46;5648;283;98;79;79;85;57;121;34;200;93;49;0;23;25;25;81
po3;S_G_D45-46;2372;226;45;79;38;37;108;85;s;169;49;14;13;17;56;114;32
po4;S_G_D45-46;555;124;49;40;31;29;70;55;s;94;50;19;16;20;55;38;27
Ens;S_G_D47;19884;585;119;56;120;120;304;139;131;387;205;15;16;s;s;85;s
po1;S_G_D47;11615;324;62;8;50;87;178;61;85;232;101;6;s;47;s;45;s
po2;S_G_D47;5354;114;44;34;38;s;38;s;s;43;s;s;s;s;34;6;s
po3;S_G_D47;2379;97;s;0;14;s;55;s;37;65;57;s;s;s;17;24;s
po4;S_G_D47;536;49;s;14;17;s;33;24;s;47;s;6;6;13;27;10;s
Ens;S_H;10811;254;77;86;21;73;98;87;11;175;21;s;12;s;s;104;14
po1;S_H;5029;36;36;36;0;0;0;0;0;0;0;0;0;0;0;0;0
po2;S_H;3591;75;s;33;0;0;42;42;0;73;0;0;0;0;0;73;0
po3;S_H;1721;68;s;0;0;53;13;15;0;40;0;27;0;27;s;13;0
po4;S_H;470;76;26;17;21;20;44;31;11;62;21;s;12;s;45;17;14
Ens;S_I;21559;532;141;115;156;49;227;133;0;344;221;s;111;0;84;147;0
po1;S_I;14995;349;107;54;129;0;135;28;0;196;103;0;49;0;44;77;0
po2;S_I;4676;103;s;s;0;0;36;35;0;70;70;s;s;0;0;0;0
po3;S_I;1650;62;0;s;28;41;49;62;0;62;41;0;s;0;28;62;0
po4;S_I;239;18;s;s;0;8;8;8;0;15;7;0;0;0;12;8;0
Ens;S_J_G95.1;7816;2276;1150;595;628;s;1668;958;204;1780;542;457;215;50;469;417;1237
po1;S_J_G95.1;3558;922;435;148;257;221;560;491;37;696;129;230;47;s;164;79;514
po2;S_J_G95.1;2543;728;336;260;186;283;591;249;112;593;248;151;91;34;113;236;403
po3;S_J_G95.1;1360;503;303;134;139;178;439;158;37;384;138;52;50;s;119;74;265
po4;S_J_G95.1;355;122;76;54;46;s;78;59;18;106;26;23;27;10;72;28;55
Ens;S_L;2796;196;119;52;67;s;64;48;0;104;9;s;35;s;72;64;s
po1;S_L;1499;135;111;32;56;0;32;32;0;59;0;0;s;0;32;59;0
po2;S_L;716;s;0;0;s;0;0;0;0;s;s;0;0;0;s;0;0
po3;S_L;471;29;0;13;0;0;16;0;0;s;0;0;0;0;s;0;0
po4;S_L;110;s;8;8;s;s;16;16;0;27;s;s;s;s;23;5;s
Ens;S_M;17860;2455;1036;519;225;510;1145;1024;38;1791;243;773;269;42;529;1074;458
po1;S_M;9746;1118;462;324;74;226;463;440;0;745;86;378;123;s;227;498;125
po2;S_M;5668;759;372;110;30;127;352;336;7;538;51;235;82;0;71;329;113
po3;S_M;2094;448;142;47;91;119;238;177;14;393;83;115;42;27;158;209;164
po4;S_M;353;130;60;38;30;38;91;70;17;115;23;45;23;s;73;38;55
Ens;S_N;15966;894;398;183;94;123;271;87;11;527;85;47;144;3;182;300;120
po1;S_N;6533;190;124;48;s;9;0;s;0;88;s;0;9;0;s;80;0
po2;S_N;5551;318;58;115;43;69;88;0;0;192;35;0;69;0;s;130;65
po3;S_N;3265;302;172;s;s;32;152;47;s;181;29;33;52;0;93;66;36
po4;S_N;618;84;43;s;25;13;31;s;s;66;s;14;13;3;37;23;19
Ens;S_TIC;7501;2244;1111;544;594;716;1659;999;218;1757;553;437;218;57;470;436;1232
po1;S_TIC;3361;931;429;132;235;222;565;498;37;671;129;213;47;4;171;86;507
po2;S_TIC;2384;702;341;242;191;282;574;254;112;601;253;160;91;34;118;240;408
po3;S_TIC;1401;490;264;124;122;176;441;184;47;375;147;34;50;6;113;82;259
po4;S_TIC;355;122;77;46;45;36;79;63;23;111;24;30;30;13;68;29;58
