Taille_IR;ACT_IR;NB_ENT;PGI_ERP;GRC_CRM;ID_BI;LOGICIEL_GESTION;PARTAGE_DONNEES;ANALYSE_DONNEES_INT;DONNEES_TRANSAC;DONNEES_CLIENTS;DONNEES_MEDIA_SOC;DONNEES_WEB;DONNEES_GEOLOC;DONNEES_OBJET;DONNEES_GOUV;DONNEES_SAT;DONNEES_PRESTATAIRE;VENTE_DONNEES;ACHAT_DONNEES;ACHAT_INTERMEDIAIRE
Ens;Ens;172345;92660;42299;18380;92660;39634;49460;36859;24220;10521;10374;7270;3635;8830;2609;18496;650;3454;2753
po1;Ens;94858;41876;17827;5830;41876;17357;18155;12974;8563;3875;3641;2387;627;2757;803;8682;272;868;741
po2;Ens;50237;29370;13056;5156;29370;11717;17474;12521;8450;3474;3662;2753;922;2904;862;5601;117;822;622
po3;Ens;22321;16989;8514;4847;16989;7627;10415;8335;5203;2284;2131;1503;1172;2295;633;3108;152;1148;898
po4;Ens;4929;4425;2903;2548;4425;2933;3416;3029;2003;887;941;626;913;874;311;1105;108;617;492
Ens;S_C;26571;16718;6181;2935;16718;5922;8679;7405;4530;1412;1410;635;1122;1233;163;2010;49;505;418
po1;S_C;12713;5796;2120;321;5796;1606;2252;1810;1160;343;343;103;78;206;21;801;8;83;54
po2;S_C;7863;5454;1575;638;5454;1702;2812;2290;1529;346;389;283;197;329;24;473;0;64;64
po3;S_C;4631;4146;1642;1163;4146;1700;2597;2337;1201;450;386;132;426;433;40;420;19;159;131
po4;S_C;1364;1322;845;813;1322;914;1018;969;639;273;292;117;421;265;78;316;23;198;169
Ens;S_DE;1280;670;298;165;670;295;536;383;216;65;75;128;168;215;115;142;4;33;22
po1;S_DE;486;221;81;16;221;103;133;75;47;17;16;29;s;37;20;30;0;0;0
po2;S_DE;458;183;69;15;183;55;163;112;47;33;25;s;s;63;39;33;0;0;0
po3;S_DE;265;215;115;92;215;100;177;142;82;6;23;48;74;77;43;68;0;19;18
po4;S_DE;72;51;33;42;51;37;64;53;39;10;10;s;40;37;13;10;4;14;5
Ens;S_F;29229;12171;3315;1205;12171;3977;5054;3112;1313;422;374;1161;217;994;416;1498;38;141;124
po1;S_F;18687;7164;1861;406;7164;2224;2227;1369;515;168;163;366;0;344;181;926;0;47;47
po2;S_F;8171;3426;869;419;3426;1162;2054;1103;515;193;125;612;29;318;137;387;0;29;29
po3;S_F;2113;1344;467;280;1344;491;623;506;228;49;64;125;143;286;76;152;s;46;30
po4;S_F;258;237;117;100;237;100;150;134;55;12;21;58;46;46;22;33;s;20;18
Ens;S_G_D45-46;18572;13798;7486;3107;13798;6022;7819;6599;4834;1712;1889;1058;s;940;324;2465;43;730;627
po1;S_G_D45-46;9997;6567;3530;976;6567;2330;2908;2421;1817;710;678;422;s;373;113;1013;0;195;195
po2;S_G_D45-46;5648;4449;2247;911;4449;2106;2911;2408;1719;582;722;358;90;188;146;831;s;109;84
po3;S_G_D45-46;2372;2236;1297;857;2236;1162;1539;1344;974;307;328;191;111;284;37;456;s;305;248
po4;S_G_D45-46;555;546;412;364;546;423;461;426;325;114;161;87;56;95;29;165;24;121;99
Ens;S_G_D47;19884;9320;4608;2269;9320;6756;5479;4673;3333;1271;1142;545;s;448;111;5027;150;363;312
po1;S_G_D47;11615;5102;2285;1208;5102;3943;2747;2335;1652;585;484;184;7;132;46;2674;87;90;89
po2;S_G_D47;5354;2513;1342;459;2513;1602;1642;1328;932;258;350;216;69;140;38;1400;s;86;43
po3;S_G_D47;2379;1308;748;402;1308;846;781;722;516;305;224;87;s;131;17;724;26;139;137
po4;S_G_D47;536;397;233;200;397;365;310;288;234;123;85;57;51;46;10;228;s;48;43
Ens;S_H;10811;4532;1283;610;4532;2520;2286;1346;803;160;199;1306;295;542;392;945;9;47;24
po1;S_H;5029;1490;198;87;1490;693;510;165;78;35;42;273;0;0;35;322;0;0;0
po2;S_H;3591;1609;490;172;1609;836;792;515;381;33;61;481;61;282;155;277;0;0;0
po3;S_H;1721;1056;379;159;1056;716;694;422;206;40;28;414;125;167;128;274;s;30;16
po4;S_H;470;378;217;193;378;275;289;244;139;52;68;138;109;93;74;72;s;16;8
Ens;S_I;21559;7802;3531;1705;7802;3020;4535;3593;2721;1535;1313;683;111;555;81;2753;44;108;56
po1;S_I;14995;4284;1545;866;4284;1708;1954;1529;1174;757;455;401;44;184;49;1524;44;49;0
po2;S_I;4676;2323;1357;507;2323;888;1643;1357;989;532;640;166;s;265;0;935;0;36;36
po3;S_I;1650;995;545;266;995;310;783;554;489;199;185;98;52;93;28;253;0;17;17
po4;S_I;239;200;84;66;200;114;155;152;69;47;34;18;s;13;4;42;0;6;4
Ens;S_J_G95.1;7816;5849;4702;2084;5849;2744;4049;2928;2112;1541;1745;446;s;1042;204;661;130;644;459
po1;S_J_G95.1;3558;2430;1945;662;2430;1159;1508;1103;725;384;606;149;214;352;34;240;35;149;138
po2;S_J_G95.1;2543;1854;1403;635;1854;825;1384;953;712;609;626;207;171;383;121;223;55;224;122
po3;S_J_G95.1;1360;1226;1057;541;1226;546;875;651;515;438;383;60;81;223;26;127;21;199;146
po4;S_J_G95.1;355;338;297;246;338;214;282;221;160;110;130;30;s;84;22;71;19;73;54
Ens;S_L;2796;1943;1001;374;1943;663;985;717;413;172;202;45;s;449;127;388;0;47;45
po1;S_L;1499;973;454;86;973;249;321;158;148;52;72;0;0;121;42;180;0;24;24
po2;S_L;716;396;205;26;396;123;240;192;71;62;63;s;0;129;24;107;0;0;0
po3;S_L;471;471;256;177;471;239;335;290;161;48;61;37;0;162;52;77;0;16;16
po4;S_L;110;103;86;85;103;52;89;76;33;10;6;s;s;37;8;25;0;7;5
Ens;S_M;17860;10558;5229;2123;10558;5325;5780;3458;2190;1341;1139;482;467;1565;378;1295;161;606;448
po1;S_M;9746;4749;2219;727;4749;2616;2310;1255;765;487;473;145;106;770;141;601;99;215;180
po2;S_M;5668;3825;1840;738;3825;1656;2170;1293;890;522;346;155;180;466;95;371;30;224;194
po3;S_M;2094;1641;909;437;1641;846;1052;721;426;263;267;147;107;256;111;251;13;108;34
po4;S_M;353;342;262;221;342;208;247;189;109;69;52;36;74;73;31;72;19;59;40
Ens;S_N;15966;9299;4666;1803;9299;2391;4258;2645;1755;891;886;779;299;848;300;1312;21;229;218
po1;S_N;6533;3100;1591;475;3100;728;1285;754;482;338;309;315;108;238;122;372;0;15;15
po2;S_N;5551;3337;1659;638;3337;761;1662;969;666;305;315;231;99;341;83;563;0;50;50
po3;S_N;3265;2351;1099;473;2351;672;958;644;406;180;183;164;s;183;76;305;s;110;105
po4;S_N;618;511;317;217;511;231;353;278;201;67;80;70;s;86;19;72;s;54;47
Ens;S_TIC;7501;6277;4964;2179;6277;2837;4051;3016;2222;1457;1697;470;534;984;211;632;126;636;446
po1;S_TIC;3361;2604;1998;685;2604;1207;1454;1131;804;395;625;167;222;313;41;222;35;138;122
po2;S_TIC;2384;2002;1498;682;2002;831;1413;968;722;568;622;211;171;371;121;217;42;242;139
po3;S_TIC;1401;1329;1161;560;1329;565;900;695;538;392;330;60;99;219;26;132;37;195;138
po4;S_TIC;355;342;307;252;342;234;285;223;158;102;121;32;42;81;22;60;12;61;48
